<?xml version="1.0" encoding="UTF-8"?>
<component type="desktop-application">
    <id>com.quicktransee.desktop</id>
    <name>QuickTransee</name>
    <summary>A text translation and OCR app</summary>
    <summary xml:lang="zh-Hans">一款跨平台的划词翻译和文字识别软件</summary>
    <developer id="com.quicktransee">
        <name>QuickTransee Team</name>
    </developer>
    <url type="homepage">https://gitlab.aureole-it.vn/binhlp/quicktransee/</url>
    <url type="bugtracker">https://gitlab.aureole-it.vn/binhlp/quicktransee/-/issues</url>
    <metadata_license>CC0-1.0</metadata_license>
    <project_license>GPL-3.0-only</project_license>
    <description>
        <p>A cross-platform software for text translation and recognition.</p>
        <p xml:lang="zh-Hans">一款跨平台的划词翻译和文字识别软件</p>
        <p>Features</p>
        <p xml:lang="zh-Hans">特色功能</p>
        <ul>
            <li>Parallel translations with multiple services</li>
            <li xml:lang="zh-Hans">多接口并行翻译</li>
            <li>OCR with multiple services</li>
            <li xml:lang="zh-Hans">多接口文字识别</li>
            <li>Text-to-speech with multiple services</li>
            <li xml:lang="zh-Hans">多接口语音合成</li>
            <li>Export to vocabulary apps</li>
            <li xml:lang="zh-Hans">导出到生词本</li>
            <li>External calls</li>
            <li xml:lang="zh-Hans">外部调用</li>
            <li>Plugin system</li>
            <li xml:lang="zh-Hans">支持插件系统</li>
            <li>Cross-platform support (Windows, macOS and Linux)</li>
            <li xml:lang="zh-Hans">支持所有 PC 平台 (Windows, macOS, Linux)</li>
            <li>Wayland support</li>
            <li xml:lang="zh-Hans">支持 Wayland (在 KDE、Gnome 以及 Hyprland 上测试)</li>
            <li>Multi-language support</li>
            <li xml:lang="zh-Hans">多语言支持</li>
        </ul>
    </description>
    <launchable type="desktop-id">com.quicktransee.desktop</launchable>
    <screenshots>
        <screenshot type="default">
            <image>https://gitlab.aureole-it.vn/binhlp/quicktransee/-/raw/main/asset/1.png</image>
            <caption>Main Window</caption>
        </screenshot>
    </screenshots>
    <releases>
        <release version="1.0.0" date="2026-02-03">
            <description>
                <p>Initial release of QuickTransee.</p>
                <ul>
                    <li>Rebranded from Pot to QuickTransee.</li>
                    <li>Cleaned up translation and OCR services.</li>
                    <li>Improved documentation for English and Japanese.</li>
                </ul>
            </description>
        </release>
    </releases>
    <content_rating type="oars-1.1"/>
</component>
