{
    "tauri": {
        "systemTray": {
            "iconPath": "icons/icon.ico",
            "iconAsTemplate": true
        },
        "bundle": {
            "windows": {
                "certificateThumbprint": null,
                "digestAlgorithm": "sha256",
                "timestampUrl": "",
                "webviewInstallMode": {
                    "type": "fixedRuntime",
                    "path": "./Microsoft.WebView2.FixedVersionRuntime.109.0.1518.78.x86/"
                },
                "nsis": {
                    "displayLanguageSelector": true,
                    "installerIcon": "icons/icon.ico",
                    "license": "../LICENSE",
                    "installMode": "perMachine",
                    "languages": [
                        "SimpChinese",
                        "TradChinese",
                        "English"
                    ]
                }
            }
        },
        "updater": {
            "active": true,
            "dialog": false,
            "endpoints": [],
            "pubkey": ""
        }
    }
}